fichier,t_debut_s,t_fin_s,etiquette
20261008_yves_s01_debout_poche-droite_r01.csv,0.1,19.9,immobile
20261008_yves_s01_assis_poche-droite_r01.csv,0.1,19.9,immobile
20261008_yves_s01_marche_poche-droite_r01.csv,0.1,29.9,marche
20261008_yves_s01_assis-debout_poche-droite_r01.csv,1,3,debout-vers-assis
20261008_yves_s01_assis-debout_poche-droite_r01.csv,3,6,assis
20261008_yves_s01_assis-debout_poche-droite_r01.csv,6,8,assis-vers-debout
20261008_yves_s01_assis-debout_poche-droite_r01.csv,11,13,debout-vers-assis
20261008_yves_s01_assis-debout_poche-droite_r01.csv,13,16,assis
20261008_yves_s01_assis-debout_poche-droite_r01.csv,16,18,assis-vers-debout
20261008_yves_s01_assis-debout_poche-droite_r01.csv,20,22,debout-vers-assis
20261008_yves_s01_assis-debout_poche-droite_r01.csv,22,25,assis
20261008_yves_s01_assis-debout_poche-droite_r01.csv,25,27,assis-vers-debout
20261008_yves_s01_allonge_poche-droite_r01.csv,0.1,5,immobile
20261008_yves_s01_allonge_poche-droite_r01.csv,5,10,debout-vers-allonge
20261008_yves_s01_allonge_poche-droite_r01.csv,10,19.9,immobile
20261008_yves_s01_chute-objet_lache_r01.csv,5.125,5.409,chute-libre
20261008_yves_s01_chute-objet_lache_r01.csv,5.409,6,impact
20261008_yves_s01_chute-objet_lache_r01.csv,6,15,immobile
20261008_yves_s01_chute-objet_lache_r02.csv,4.115,4.408,chute-libre
20261008_yves_s01_chute-objet_lache_r02.csv,4.408,5,impact
20261008_yves_s01_chute-objet_lache_r02.csv,5,15,immobile
20261008_yves_s01_chute-objet_lache_r03.csv,1.76,2.046,chute-libre
20261008_yves_s01_chute-objet_lache_r03.csv,2.046,3,impact
20261008_yves_s01_chute-objet_lache_r03.csv,3.0,15.0,immobile
